title,url
"You‚Äôre Welcome, GitHub IOS app commit",https://github.com/yaya2devops/bachelor-guide/commit/20f40adc9a004e6af39e944f552392db9ef2c709
Decent time at NxCi aka NGCSC,https://github.com/yaya2devops/bachelor-guide/commit/763f4c88c19a9ba6248fafac1ad3deb1ac9861db
"Cool intern moments, Combined",https://github.com/yaya2devops/bachelor-guide/commit/e21e6f072d3d8adc3f4d4f9f2b93dc3f7030632d
Linedata time made by Scott Hanselman,https://github.com/yaya2devops/bachelor-guide/commit/2767ed99929151f41dd47c3f2a8dabf8562f3053
‚ö°,https://github.com/yaya2devops/bachelor-guide/commit/a463fb3fcd2968fbeb445f2748d52e9e92ee0153
Update from Jawher Smida (#61),https://github.com/yaya2devops/bachelor-guide/commit/3a7f7b91f5d2c7df0b4b04bcd4d569e16687597d
Last Update (#60),https://github.com/yaya2devops/bachelor-guide/commit/df24bace3e866a0fd8c9735a899581a2e4cfa409
Spark and Thrive - Navigating with a Flash Touch (EASY),https://github.com/yaya2devops/bachelor-guide/commit/a9ecee02b8811cc1be153da8f677681f13e551ce
Getting the design process to site,https://github.com/yaya2devops/bachelor-guide/commit/ac1922b2c82a78d14fec4e08dd2d24c460671ba4
Welcome to such nice project,https://github.com/yaya2devops/bachelor-guide/commit/81f0554eaea88f04a3118f9095e5f86e1493ec61
"Bro I just FLOW - aesthetics, system, assets",https://github.com/yaya2devops/bachelor-guide/commit/c57200ffda3083bfcd281a2affb8aa8f24799cd4
Master Class in Life path design and Evidence.,https://github.com/yaya2devops/bachelor-guide/commit/f332d93c7cb97e95f220d3f3c780639088411e76
I think printing is as important as doing the actual report,https://github.com/yaya2devops/bachelor-guide/commit/3df8a110e6bacf2c94d215c19f28a948b8ddde98
"As per last commit, re-guide manifest",https://github.com/yaya2devops/bachelor-guide/commit/29dcf07cef0daf9947daeb03ad679e8103fde925
My thoughts on this and more to come students win,https://github.com/yaya2devops/bachelor-guide/commit/cca5b94fb337be4fb5385ee9dfad17803f2c0001
Notes to be taken,https://github.com/yaya2devops/bachelor-guide/commit/8d5e51eea9847ff44faed9e19ef07f6410652a5a
‚ö°‚ö° EMPOOOOWER ‚ö°‚ö°,https://github.com/yaya2devops/bachelor-guide/commit/b1ef481e42c564501ee911e5786d7c4beade99f2
Guys lets Start Expl‚¶øring,https://github.com/yaya2devops/bachelor-guide/commit/837b1b56f96ddb66128a8ba4a6afb3f81390e7e1
This is SSO Discord,https://github.com/yaya2devops/bachelor-guide/commit/e72e5e94273e1f7a561699edcffda177bc9bf7e9
A better call to the Prompt,https://github.com/yaya2devops/bachelor-guide/commit/f12768dff4560429476f9c5a4d3ddc1b14460f85
Follow up on zoom for your eyes,https://github.com/yaya2devops/bachelor-guide/commit/7708727319c74e20fe0f2590aeb1bfe2325ad5ab
This is ok !,https://github.com/yaya2devops/bachelor-guide/commit/7d1f48472f492df5f92fcbb27f4b9a41a8b64d71
Doing my yesterday To Do notes for you,https://github.com/yaya2devops/bachelor-guide/commit/d0d926867b8d9b23a075914a19f4315aaed34b0d
Acknowledge and trace the root!,https://github.com/yaya2devops/bachelor-guide/commit/89b1d56bf633a1f33b2edc96352cd328a7a38fd9
Zooming for your cute eyes,https://github.com/yaya2devops/bachelor-guide/commit/447a6db821bfe224ec1011d20e1930be671f589a
aesthetics so on!,https://github.com/yaya2devops/bachelor-guide/commit/e58253fee143ce25952d3fd92ac5469853222252
Middle Manager Welcome Updates,https://github.com/yaya2devops/bachelor-guide/commit/2d06e2ecb0907981d84a28a9723cab71da471043
SEM Update (#58),https://github.com/yaya2devops/bachelor-guide/commit/bb4752de11c70c69d158790dc3d87be110da8037
This page is a masterpiece,https://github.com/yaya2devops/bachelor-guide/commit/d1f3c61d3fb355755138067d4f542f8d9436250a
A Jaw-Dropping Exploration of the Entire Process,https://github.com/yaya2devops/bachelor-guide/commit/3be938c21976d85319671068b4a90a0bc1b63c4e
Great Yahya University Exit and Giving more to Community,https://github.com/yaya2devops/bachelor-guide/commit/9ed6b51d6cce51e7a17a08dce9c67ea6c27a70b8
Numbers up for your benefit,https://github.com/yaya2devops/bachelor-guide/commit/3de9b9ee44b415d06378f5d110fa50a2e03ffc76
Mobile friendly and campus RR,https://github.com/yaya2devops/bachelor-guide/commit/59546a68af408b7c89865ae9616dad88f68edf01
"Join Campus, Project Directed",https://github.com/yaya2devops/bachelor-guide/commit/122551aae6551f1ce53ac8dabddce9da320e4182
"Three Words, Clarity",https://github.com/yaya2devops/bachelor-guide/commit/9b3c9bb5ed96fad3ced056c0becb00c9a8f59575
I like the way I tell things of significance,https://github.com/yaya2devops/bachelor-guide/commit/d69097ed4364ea1c0bed95fc3db9a9d734bf708f
"Direct The Student Experience, The End, The Beginning",https://github.com/yaya2devops/bachelor-guide/commit/6751baeb36a428a67a33c1ea60804cc93d15c3da
"#56 Semester ‚Ö¢, IOT, IRS and ESP Glossary .",https://github.com/yaya2devops/bachelor-guide/commit/140347916b4efe723a212bc9eed910c3048ccda7
Your End Of Study Project Gifted by the God,https://github.com/yaya2devops/bachelor-guide/commit/eb4900868742f18fa6719029a4658f4d4c4872e7
Perfect!,https://github.com/yaya2devops/bachelor-guide/commit/b7d8aa3d361986af15c37a3fd930f1b3b615fff7
LaTeùïècellence ! Reporting FTW !,https://github.com/yaya2devops/bachelor-guide/commit/3929ac7528d75c2f0927a7869d9404657d39a23c
Learn LaTeX Today!,https://github.com/yaya2devops/bachelor-guide/commit/21cbaa177d994b8452888190841004fa4e0a2880
Optimal and Aesthetic Quest,https://github.com/yaya2devops/bachelor-guide/commit/7b7666334df0eefbb778d133c1dac4da67f4d525
"Ticket, Logo, RB, Faith",https://github.com/yaya2devops/bachelor-guide/commit/1419defdbfbd4ebe663553b40678b99663cf351c
"New Look Review, Improve UX, Open Issues",https://github.com/yaya2devops/bachelor-guide/commit/5a1b3feb9b2ae419ffcaf604be0bba010c710409
More for you alone,https://github.com/yaya2devops/bachelor-guide/commit/831fcb5c8c482777538f25e685052e06a65e1c4e
Strategies to Simplify and Delight Students,https://github.com/yaya2devops/bachelor-guide/commit/39e5ec5bcab04e0b6cc11cb5f7454d40e2b81d84
"Summer Intern Title Page Integration, Reality Checks",https://github.com/yaya2devops/bachelor-guide/commit/10a32d8438fe44e83de0f58f496fd9b034cb8208
"Strategic Integration, Embedding PDF Files into HTML to Markdown",https://github.com/yaya2devops/bachelor-guide/commit/4ab6ba098a8f90b2f85e1c9fcbb093508fed64c0
Minimal Welcome Design,https://github.com/yaya2devops/bachelor-guide/commit/78f01dc43d21574de18c323641e10f81010690d7
Strategic Asset Integration,https://github.com/yaya2devops/bachelor-guide/commit/84c6623e3a042de523b8af0047eaf773da1abbb9
"#54 The Pursuit of Student Gains, Discord",https://github.com/yaya2devops/bachelor-guide/commit/490a86088d47c93631a9e578ec61af9f181c6173
Empowering Non-Tech-Savvy Users for First-Time Success,https://github.com/yaya2devops/bachelor-guide/commit/0525682763fd3ac187d50d231c6d365412a2c9be
discord-link (#54),https://github.com/yaya2devops/bachelor-guide/commit/96ecff2dcdd33bf1f4ac8f5222885939e6a1962f
Disclaimer Internal Advertisement,https://github.com/yaya2devops/bachelor-guide/commit/9754aa7754a6893f4e378f158a8e496afe82552e
The Artist Approach to his Disclaimer Craft,https://github.com/yaya2devops/bachelor-guide/commit/11ce84329a021ff996a45dfb2a7ec31abb7f1ccb
"Disclaimer, A Community Project",https://github.com/yaya2devops/bachelor-guide/commit/5d5ded4c8432d709dac51296b27695824c25f00e
Yaya Advertisement Of 3 years of wisdom.,https://github.com/yaya2devops/bachelor-guide/commit/da23aca517762a8f237a9114f17626f5d062fe48
Established a smoother Student-Focused Internship Process,https://github.com/yaya2devops/bachelor-guide/commit/36122657b12a1d8956a2c9154e2d2b9cf28c2d7c
Achieving Optimal UX  For First Yearers,https://github.com/yaya2devops/bachelor-guide/commit/b12c4317d75ee0ddb992e7c83f432c6b38b4e711
"Seeing Success, My Perspective on Your College Experience",https://github.com/yaya2devops/bachelor-guide/commit/75c5d13c4db41f40704e048a2a249bd769d0758c
"For You, Win, DNS, HTTPs",https://github.com/yaya2devops/bachelor-guide/commit/b5b42d54e6cfe4de9284e0281385d452c44f3ba8
"Keeping this ""tempo""",https://github.com/yaya2devops/bachelor-guide/commit/c85710f7700ea1c015802764827efb9b8f4b0534
Win Your Semester!,https://github.com/yaya2devops/bachelor-guide/commit/e427d5fc83a73d724c78e5d6da8c441e47e93467
Welcoming New First Year Students!,https://github.com/yaya2devops/bachelor-guide/commit/d576ad5f8b82a43baf6ff761a266b350aa813bff
Rounding Assets and Remade UX,https://github.com/yaya2devops/bachelor-guide/commit/6a6f2af0c2cf5bd6172465b29d376e9db53facf0
Changes to Navbar and Schedule,https://github.com/yaya2devops/bachelor-guide/commit/5ac9053c7e6857b02c3e5c1dd612d748a9615607
"Time Schedule, Stay consistent.",https://github.com/yaya2devops/bachelor-guide/commit/0374f39132e83d7fd247b6ea6cbf9eddeeb4f996
All Semesters Time Schedule (#53),https://github.com/yaya2devops/bachelor-guide/commit/f0c468073077c6f400d41c0ca7ed21f6fc06822c
"Content Tweakes, Seriousness, Guiding",https://github.com/yaya2devops/bachelor-guide/commit/0211a26cc3265b5d09c4a731c260828adedf3360
Jawher accurate-color-pick-for-dark-mode (#52),https://github.com/yaya2devops/bachelor-guide/commit/9e09d6d7cab8b0332421135be4f2369ea8efb1af
Merge pull request #51 from BytM3/dev,https://github.com/yaya2devops/bachelor-guide/commit/a0e34a5c8a52f1eebb73a0041df55faf8ba08b55
time-schedule-1,https://github.com/yaya2devops/bachelor-guide/commit/93d943737a31ae91314e2b537eb0384e8693ca19
Code-Driven Academic Accelerator Unleashed,https://github.com/yaya2devops/bachelor-guide/commit/9caa0a592bdec84feed9044d2b775ba2342b3ffc
Mindful Leadership To Go Take Charge of Tomorrow,https://github.com/yaya2devops/bachelor-guide/commit/b519ba59149dd4cd64df1073d78671c32e9a1a45
Merge pull request #50 from BytM3/dev,https://github.com/yaya2devops/bachelor-guide/commit/ea6d07344bd02b13fcad1d9ef20aaf6489deae42
documentation,https://github.com/yaya2devops/bachelor-guide/commit/2e27d99bc734a5390c108496d2ba0df92959e8b5
Merge branch 'yaya2devops:main' into main,https://github.com/yaya2devops/bachelor-guide/commit/b4ef23309ae74d7113e4419f037c4b007f775d93
Asset Downsizing and Content Migration,https://github.com/yaya2devops/bachelor-guide/commit/a6b059d546bdb4f74e8d1344f8340b3d21a88e9e
features and solutions,https://github.com/yaya2devops/bachelor-guide/commit/c35e3615985097fd0d356cf6e0fe9a8cc427e95c
features and management,https://github.com/yaya2devops/bachelor-guide/commit/3cba032f42df607d7e395f376e972179aabd771f
Merge branch 'yaya2devops:main' into main,https://github.com/yaya2devops/bachelor-guide/commit/adfd20eeb6478eaad6849518202849178267f9e7
Intern Highlight and Issue Explained,https://github.com/yaya2devops/bachelor-guide/commit/bd60a9ec56c3544c385c605adf5ac1d159194416
Resolving Student Issues and A Call to Action,https://github.com/yaya2devops/bachelor-guide/commit/9a740eccab4286d1d9a1acebefbffc0ec22e452e
"ISTIC LaTeX Template, Processes, Revisions",https://github.com/yaya2devops/bachelor-guide/commit/e9d5f12611601bacde7899c386d7cf1458f34601
"Prompt Engineering In Action, Friends.",https://github.com/yaya2devops/bachelor-guide/commit/e5896c6c14fdcdbceb02e2085344f4d4a13d1678
Frequently Asked Questions Close Up,https://github.com/yaya2devops/bachelor-guide/commit/1d664bcfccfcec8ce50eac919c6f2d8e660dd22a
Evidence On Internships in Shaping Students Career,https://github.com/yaya2devops/bachelor-guide/commit/98e0822011aec12732849bbb00bcb6a6af58b296
Bachelors Guide Domain Renewal,https://github.com/yaya2devops/bachelor-guide/commit/3a1ff41be5b9175124ea67d3d9cf3867f4c7b18c
URL Redirection Fixes and Content Tweaks,https://github.com/yaya2devops/bachelor-guide/commit/070fcf66f9cc54f67c48d2ca4bc898d64033124e
schedule,https://github.com/yaya2devops/bachelor-guide/commit/1e1cf33874b91809ac451306ccac3f9b5df767a0
Merge branch 'yaya2devops:main' into main,https://github.com/yaya2devops/bachelor-guide/commit/f8d381e9c9d6cb053c930da4182149bcad573f33
Visual Fixes,https://github.com/yaya2devops/bachelor-guide/commit/c37e0544cdcdee308cc4322ea0c8f913abbc3290
"Doing The Story Part, Intial Version Included (Stale)",https://github.com/yaya2devops/bachelor-guide/commit/cd2f3110e61bbbc197b3d34571034043562f6039
Next Generation Guidance Internship Process,https://github.com/yaya2devops/bachelor-guide/commit/7ab70f8368d6814ac51c981bddf3518edee40449
LaTeX Complete Guide: Unmasking the Obvious,https://github.com/yaya2devops/bachelor-guide/commit/9e08e02e0f81bfbd3c735424cb88f1f2e0d06550
Students Internship FAQ,https://github.com/yaya2devops/bachelor-guide/commit/3b7f6a061c16b0bc7097e8c53f7c837975889932
Landing PFA To PFE,https://github.com/yaya2devops/bachelor-guide/commit/118ffbf1f0b813250ce7f1ddcd7633a42424a055
Empowering you to take charge of your own career. Now.,https://github.com/yaya2devops/bachelor-guide/commit/da5773a42447b1bc3ed6bc85d10a0cf28642d95c
Summer Intern Complete Support,https://github.com/yaya2devops/bachelor-guide/commit/99bf09db3c90bd7ab7a64c2d85c90bb9ba82354f
Next Generation Latex Content To Success,https://github.com/yaya2devops/bachelor-guide/commit/15e87874cc24f2b10af2ed5883f4d41bb27ee837
Neutral Webpage.,https://github.com/yaya2devops/bachelor-guide/commit/a0e06e5b2b89a44fc1f0c5da272919c6b067580e
Great File Fix Path,https://github.com/yaya2devops/bachelor-guide/commit/88e46fffbabce6c0b9608a70ecd7eb166763d6ff
Prompt Engineer file path,https://github.com/yaya2devops/bachelor-guide/commit/e677924dc12622fb017754e2dfe75d15bdea8038
I thought You Needed This For PFA,https://github.com/yaya2devops/bachelor-guide/commit/3496bf758fb7b9c8a69bcc50d179d7ca22835aee
Guide Design and UX,https://github.com/yaya2devops/bachelor-guide/commit/97ecd337a3a83527d003d0acdd852ddae9500684
Merge pull request #14 from yaya2devops/main,https://github.com/yaya2devops/bachelor-guide/commit/06fd7f455f37d47023be940ad3cbbccaa075c3fc
Best Intern Of Your Life!,https://github.com/yaya2devops/bachelor-guide/commit/cadc6cdebb8e05db9239879aee202c94507a7bab
Update Intern Page,https://github.com/yaya2devops/bachelor-guide/commit/3e9f76b6bb49de6aa828588685f4309f5745e598
Assets Showing in Github,https://github.com/yaya2devops/bachelor-guide/commit/468e5f995c7aa1874c7f9761cd51b318538dc782
Summer Intern touchpoints,https://github.com/yaya2devops/bachelor-guide/commit/ccfe12880de83c5cfe53d7c9ef82d5e9e0135f39
ISTIC Materials UX,https://github.com/yaya2devops/bachelor-guide/commit/061009ed8f3c248e6ba26546c173e9d325debeec
Highlight first experience,https://github.com/yaya2devops/bachelor-guide/commit/032afbbb8f284a7cb1cac333263691f6a29cf0ac
Merge pull request #13 from yaya2devops/main,https://github.com/yaya2devops/bachelor-guide/commit/ab9fd2ab0619aaa2f90d791f2016f56a2b5de698
Merge pull request #45 from BytM3/main,https://github.com/yaya2devops/bachelor-guide/commit/c0b5d4b965d120810b925f6cb7c5512d37fa6fa6
fastasfkboy,https://github.com/yaya2devops/bachelor-guide/commit/0471f6c458befa49d2b82f07510bb806183f4550
Merge pull request #44 from BytM3/main,https://github.com/yaya2devops/bachelor-guide/commit/74e2836be4fe76e41303787e66c325e6780b82e8
loader,https://github.com/yaya2devops/bachelor-guide/commit/25296e64cbb880197ff2b0631de4448ea7085e01
detach load,https://github.com/yaya2devops/bachelor-guide/commit/6a89e7a3166e06c4683369fd88bd5bc5e59eb651
update ++,https://github.com/yaya2devops/bachelor-guide/commit/e586a71dddbc2a6e23a5a75043092dccb7b56c21
upD SE: 3-4-5,https://github.com/yaya2devops/bachelor-guide/commit/7415acca1194b1a70b5938c9e1329b42a2100d7b
Merge pull request #12 from yaya2devops/main,https://github.com/yaya2devops/bachelor-guide/commit/f8ba46bc46e90c0cbb8559761dc394f7de4e2893
Merge pull request #39 from BytM3/main,https://github.com/yaya2devops/bachelor-guide/commit/f3d5a51cfd1624332a3dc5f85e58fbd03099766e
dol,https://github.com/yaya2devops/bachelor-guide/commit/480de10f0f32774bd855540ea735615b008189c2
IOT-Sem-3,https://github.com/yaya2devops/bachelor-guide/commit/b8b84b0990646b45e66dd40822ae624144da1891
Merge pull request #11 from yaya2devops/main,https://github.com/yaya2devops/bachelor-guide/commit/c89d28fcdde1455e4fcf865023b803e741e4c6bc
Forgot my draft Here,https://github.com/yaya2devops/bachelor-guide/commit/95f4c39212b3baf0b65d7f78ec4368c8c87aaa0c
Forgot my draft here,https://github.com/yaya2devops/bachelor-guide/commit/7c41883aed0fd65e59b63919de208c767e2c5291
Direct Image Connection,https://github.com/yaya2devops/bachelor-guide/commit/32215e29229076401f684c59b5786e4bcdebdece
Docker Support and Updates,https://github.com/yaya2devops/bachelor-guide/commit/c574cfa8e5dc2a26d772c0384899b4f5714ca76b
Typo for valuable reason.,https://github.com/yaya2devops/bachelor-guide/commit/755773e99bc722144e6a5989817885bd7e7f4aff
Materials for students,https://github.com/yaya2devops/bachelor-guide/commit/6ede119b088eb48b60b13fedfbc3f37c79e33f00
Compressed Value,https://github.com/yaya2devops/bachelor-guide/commit/0b54cdaabb7b97a0df7cb28650453ec9f51c69f0
Update: Materials adjust,https://github.com/yaya2devops/bachelor-guide/commit/91c1970b889f3df7c4414ef46a68929025f61f6c
High quality Content direction,https://github.com/yaya2devops/bachelor-guide/commit/73fb89f31704bb6e2dcab014200ec6d28ae42ba9
Connect with others,https://github.com/yaya2devops/bachelor-guide/commit/5a1620c43063483c524549e3df0eae0c682146b6
Join: Highlight Discord,https://github.com/yaya2devops/bachelor-guide/commit/e2ff3a0ab85436ecd9ad5abb49c0dd2362436348
Contact Us,https://github.com/yaya2devops/bachelor-guide/commit/949c3a7a0363eab37e5dc859fff34fec60859422
salut,https://github.com/yaya2devops/bachelor-guide/commit/e36bcd42c41fe422edda44b952f26dc8a6797ff2
Hi,https://github.com/yaya2devops/bachelor-guide/commit/6c75abe26854777f70bf1d05cfde955705d70ffd
This is the required welcome,https://github.com/yaya2devops/bachelor-guide/commit/cdebc05bfd7699aef93e2e589899cccb9a53afe2
minimize work,https://github.com/yaya2devops/bachelor-guide/commit/86061854c8b1d8071e59c0264f9b7d48a5ae2c4f
Aligned To structure,https://github.com/yaya2devops/bachelor-guide/commit/f44f2f8a795ecb3fc53b2d2f305a0a7c66ec8979
Okay better!,https://github.com/yaya2devops/bachelor-guide/commit/a6a203243c78d4a6bf9e79550694164c1a160d13
Merge pull request #35 from BytM3/main,https://github.com/yaya2devops/bachelor-guide/commit/0521f36fd5159dea0d2b272c238e1a9226c108b0
hii,https://github.com/yaya2devops/bachelor-guide/commit/3c7bafef4e11ae0ff91c4b20b157b513fd358a27
nice,https://github.com/yaya2devops/bachelor-guide/commit/91d41395e7b3905510e00b77c068784b4f08016d
nice,https://github.com/yaya2devops/bachelor-guide/commit/76e37683bab5cdede96647b074ee9fd90a92f322
discord updated,https://github.com/yaya2devops/bachelor-guide/commit/72bd65aacef93f549fb9c3a941f163d813453575
more,https://github.com/yaya2devops/bachelor-guide/commit/b6539070c44583a5ba19858c8cf41c1982236e0d
80,https://github.com/yaya2devops/bachelor-guide/commit/e0e3bad821ea8fc85261c237a147e3dc81bd5ad5
LEFT,https://github.com/yaya2devops/bachelor-guide/commit/8ed3e1c930cc23b8a277521bcb6ea031d2b6acf4
essay,https://github.com/yaya2devops/bachelor-guide/commit/6de7c2d9e093bdad86cf48f8aff080063e454ba0
lets,https://github.com/yaya2devops/bachelor-guide/commit/354bed1ddefb63a9460e3ce1a3a57dcb3117ca32
yeah,https://github.com/yaya2devops/bachelor-guide/commit/b9ca867d6048df7aa892007b267368c769b1fc04
idk checking,https://github.com/yaya2devops/bachelor-guide/commit/adeb0dc1f03539c790efdfdf63f74a1123e19a1c
viser a oldversion.computer-eng,https://github.com/yaya2devops/bachelor-guide/commit/ff0a58a2b2ff476b50e74e61a0572f5b478df4e7
old version update URL - subdomain next,https://github.com/yaya2devops/bachelor-guide/commit/dbebecbc21f27e243f09a7a4e65c846d083f227b
FR archive banner,https://github.com/yaya2devops/bachelor-guide/commit/00b7dfe23a9c712f01b0b896a5b1136b651b563b
mutuel,https://github.com/yaya2devops/bachelor-guide/commit/5674be969594fc936e769b8d184b74a779ccb521
inspire,https://github.com/yaya2devops/bachelor-guide/commit/9019ebd57a710450ae724ea7c7520aecb9976e3c
Mobile,https://github.com/yaya2devops/bachelor-guide/commit/290c43d84b88318bcd305aad8622c571ab27f7d6
longer for style,https://github.com/yaya2devops/bachelor-guide/commit/e0bed5092bfaeac5721046ff062e395d62a4cf9e
good,https://github.com/yaya2devops/bachelor-guide/commit/134d35c70b1a584c41bbe439dc00933dcd45058e
phone conditions.,https://github.com/yaya2devops/bachelor-guide/commit/f9d5b5a479f18cd67339673d8b91461d9644b931
banner fr and link people once more,https://github.com/yaya2devops/bachelor-guide/commit/29e495e9970215511666af64ad74b90f9076a452
materials page is now translated,https://github.com/yaya2devops/bachelor-guide/commit/199a7bef5b34ccbb577fd5b46c2d74926ae0ffed
Oki,https://github.com/yaya2devops/bachelor-guide/commit/ad69b1c8051c1914309aeb818abc88a9a72e6d70
remove node modules,https://github.com/yaya2devops/bachelor-guide/commit/522937c08a5f3fa688afadacca84377e8e9d6592
Merge branch 'main' of https://github.com/Y4HYA4/TheRealBachelorsDocs,https://github.com/yaya2devops/bachelor-guide/commit/8ffaa65f011a2adb8971c4c44050913a68e88f28
gr8,https://github.com/yaya2devops/bachelor-guide/commit/151c7329fa2d07ed5922ff520cfe5103649a4822
indeed,https://github.com/yaya2devops/bachelor-guide/commit/4bac39f67e3d955ac584ba7236d8117bba851f6c
great,https://github.com/yaya2devops/bachelor-guide/commit/0c64c6cf11884c90192f1fc147e7045cad5af4e3
"This is fixed but also, 60 days-streak.",https://github.com/yaya2devops/bachelor-guide/commit/4af36db9ded048b73800558856b2eea279e9b70c
facts,https://github.com/yaya2devops/bachelor-guide/commit/58b4d2fd06414545fddc010b9b5c73a0c2435086
auto,https://github.com/yaya2devops/bachelor-guide/commit/01eed9188d67e007a76d25b630b73598ccad8ef2
fits,https://github.com/yaya2devops/bachelor-guide/commit/09b177e7d8a4394044adbdb90d137ffa78dedf5c
good,https://github.com/yaya2devops/bachelor-guide/commit/14dd262e6ef8e75515fd4ad5d0bd7da52b8852c0
checked,https://github.com/yaya2devops/bachelor-guide/commit/d79bf2e5609dcdd300ab2cdcb18cf0c09d8e5fd4
Merge branch 'main' of https://github.com/Y4HYA4/TheRealBachelorsDocs,https://github.com/yaya2devops/bachelor-guide/commit/e0b5f466d7cb4aad89b2347929c51bc9e7e83fa5
docker,https://github.com/yaya2devops/bachelor-guide/commit/ccd624b4f9b4815d9d34a5c6300fdef47b03bf7e
Good,https://github.com/yaya2devops/bachelor-guide/commit/8fa25f87b4f395c9e6f8ca8726f908eb565aed80
ok,https://github.com/yaya2devops/bachelor-guide/commit/fe9499e378e44bdd851872a56e73c18234894d68
Merge pull request #31 from Y4HYA4/all-contributors/add-BytM3,https://github.com/yaya2devops/bachelor-guide/commit/a10ff4627d3dbc48d744914e6f7d02640bf42c6b
docs: create .all-contributorsrc [skip ci],https://github.com/yaya2devops/bachelor-guide/commit/ba70854aaf05b68a1962d3e2663df0ec8c8b6c85
docs: update README.md [skip ci],https://github.com/yaya2devops/bachelor-guide/commit/8c558a9f20de8ddf6a82c1798f95704748e6f349
test,https://github.com/yaya2devops/bachelor-guide/commit/28e09ab83f4e4f03d54d2469257b27aafb3bcd06
Merge branch 'main' of https://github.com/Y4HYA4/TheRealBachelorsDocs,https://github.com/yaya2devops/bachelor-guide/commit/366d55a696c0dcb02d84e209e75da80af3692d00
newchanges,https://github.com/yaya2devops/bachelor-guide/commit/f46f6853c4a81c70549dc69e549f3ffaf4b81b34
Important,https://github.com/yaya2devops/bachelor-guide/commit/80e3724da5d0f22e630c316c42248d79e8528f51
up,https://github.com/yaya2devops/bachelor-guide/commit/f34702f54039682bacf1f899b0bf0428ae01a612
up,https://github.com/yaya2devops/bachelor-guide/commit/c71c7b99c0ea28e64c4849d00df2b626aecca1f8
done pdf rather than word,https://github.com/yaya2devops/bachelor-guide/commit/c7a9dfde5a6a99e5aa230606d250365cd5e966dd
pd,https://github.com/yaya2devops/bachelor-guide/commit/884412d89f656e706400add57beeb6c7ad26d6d3
pdf,https://github.com/yaya2devops/bachelor-guide/commit/6db6238411e1237c2a1a78f36ea75d12db718a99
<b>,https://github.com/yaya2devops/bachelor-guide/commit/67ee80af5b0def5e0915e4d48c78c3971144260a
big up,https://github.com/yaya2devops/bachelor-guide/commit/215500d2b8f6f22d758ae3b227901cf267d6a6ba
ok for now,https://github.com/yaya2devops/bachelor-guide/commit/dd3153db7007ad2a6808d3e6a1fe9ff9e586c1e4
Students initiatives got get better design,https://github.com/yaya2devops/bachelor-guide/commit/f6061ef781578f5f7e601333dfcf0ce5cc635ba5
Older version,https://github.com/yaya2devops/bachelor-guide/commit/122dd0b4ffdd12bdb2afdd244d146a6fd8e7acdf
Old,https://github.com/yaya2devops/bachelor-guide/commit/e37f0e9addb4998ed06ed66a8b62f4eac8aaf2ea
Link left,https://github.com/yaya2devops/bachelor-guide/commit/405ef2eb24017283df98ef2772ab80223b360c33
Lets,https://github.com/yaya2devops/bachelor-guide/commit/360ed918e250550f9210a872a7eccbab44960271
Guided,https://github.com/yaya2devops/bachelor-guide/commit/c0274c634de47b1ba03e364c9dcdd27ea56cacb8
Guide,https://github.com/yaya2devops/bachelor-guide/commit/b4bed8672e851e89d264db5d2c6ac14bc2efd133
Yep,https://github.com/yaya2devops/bachelor-guide/commit/71f86ce3d88364cecdba0bbead798fd2ade7815c
From Phone stuff ;)),https://github.com/yaya2devops/bachelor-guide/commit/ebf268527d517c5f4fc85d417f57696b9fc4d18c
Edit,https://github.com/yaya2devops/bachelor-guide/commit/9385d6aae341dbba6e56afc68f956fdf5b815394
Checked,https://github.com/yaya2devops/bachelor-guide/commit/b807e153cc868d0e8c2410e8f7c1009f9497e132
Fr!,https://github.com/yaya2devops/bachelor-guide/commit/cc4e99626af5e9abcbe7e90d66569794d1219035
FR added,https://github.com/yaya2devops/bachelor-guide/commit/096cc56470fcd341e278a7fdef0c29d18174f2f1
French welcome.,https://github.com/yaya2devops/bachelor-guide/commit/b70ddc00566b74aa03c4873443f6a32646d37c1d
decrease,https://github.com/yaya2devops/bachelor-guide/commit/15d602172c2478b3c547b9a033df37f92129e822
Labs,https://github.com/yaya2devops/bachelor-guide/commit/06d4641d33066c6f9e1b57e41258a24aa2efeede
To config,https://github.com/yaya2devops/bachelor-guide/commit/a3c343fd6d27e944179eea5ace7bf174909cd637
Naming,https://github.com/yaya2devops/bachelor-guide/commit/0a8133936b91f942a7fe17d117b0a732aa29d133
Let that big,https://github.com/yaya2devops/bachelor-guide/commit/3a8776ee93964ebbfe8d74aa5f8692cecb2be4f5
Up,https://github.com/yaya2devops/bachelor-guide/commit/74a300b293d74b68d3841a4cc88a3ff1103754b4
Roll back,https://github.com/yaya2devops/bachelor-guide/commit/353e7b1d0d073b75617a9315b439afeb7a422f1e
check,https://github.com/yaya2devops/bachelor-guide/commit/1fc55949e3caf00ff00a474e0d7fa6282caa7797
Bonuses,https://github.com/yaya2devops/bachelor-guide/commit/0f1179e2c5253a955f4cb75ee44e06d3461ffe9b
For now,https://github.com/yaya2devops/bachelor-guide/commit/1d9e8834d4d5d7765dc313ed702018906e5bee17
Let it shine,https://github.com/yaya2devops/bachelor-guide/commit/ec16e1552ad403a35473c60e0dfb33bba07274d4
upd,https://github.com/yaya2devops/bachelor-guide/commit/dbcac913a69e0df4ad43eb7c858be52d8b854f48
Welcome,https://github.com/yaya2devops/bachelor-guide/commit/e0411e41e32f0cb0da570ac8c9752f4dc6d9fc1a
You Better READ me!,https://github.com/yaya2devops/bachelor-guide/commit/66ac8d517cd4dab0856ae69bced275d362e02273
Let that goes,https://github.com/yaya2devops/bachelor-guide/commit/80f21727b2911c083a99b7dc1e6b9e788daf9df6
sharepoint shared,https://github.com/yaya2devops/bachelor-guide/commit/f924eb963b62096549a86dc1cd41effd8f526cec
for now ok,https://github.com/yaya2devops/bachelor-guide/commit/75e6bd9345d7e28e0ecff9eac79320592fbda31c
wlcm,https://github.com/yaya2devops/bachelor-guide/commit/c8984ac14103a46639453c8952b491072c2e58a8
Updated,https://github.com/yaya2devops/bachelor-guide/commit/32ddeb342a64f759e36cd2313ef286eb06fa38f7
Amazing!,https://github.com/yaya2devops/bachelor-guide/commit/a0b4a1df8293925200fe1db1d44fd5b414b7cf8f
value,https://github.com/yaya2devops/bachelor-guide/commit/a14c5ca537f73d0f10ef064f38d4a9673b9a2c63
Let's see,https://github.com/yaya2devops/bachelor-guide/commit/58edd0ec3f9d133e658af6701882e9cf44078269
AmazingGgGgGgGgGgGgGgGgGgGgG!!!,https://github.com/yaya2devops/bachelor-guide/commit/403e7f94fe3fd7d1402f5275e2fdfea041001a8c
old af,https://github.com/yaya2devops/bachelor-guide/commit/d57068cd7a5feda9944ddf89c837ca9730b0f290
"Update format, more interesting.",https://github.com/yaya2devops/bachelor-guide/commit/72c183959b50e3db9fc863f570373aa7e3edb3b1
Showcased format,https://github.com/yaya2devops/bachelor-guide/commit/20a06e895afbf39bc5200ba579c952704713556a
Ok,https://github.com/yaya2devops/bachelor-guide/commit/ae89f0b0ff1aac380f562f2d285c110ac1a741c9
Ok here,https://github.com/yaya2devops/bachelor-guide/commit/218a30d7090ea191a4679c2e75e5396d3224ca55
hm?,https://github.com/yaya2devops/bachelor-guide/commit/30e1427afea87fa6c8fb952c3ab48f7e8176734d
Ajustement,https://github.com/yaya2devops/bachelor-guide/commit/d4b2690b9f64fa48fd59440f1fc0160e5f31d381
Links included,https://github.com/yaya2devops/bachelor-guide/commit/2a82a384b1d2f1f40b9fe281024d01938cbbce71
"Phone check, hyperleft",https://github.com/yaya2devops/bachelor-guide/commit/d137f399528edbaf6443cd06964ad4bf6b3e4f90
Improved!,https://github.com/yaya2devops/bachelor-guide/commit/f212b8d0a07c06b7444faed03637d779c1691e55
Project Welcome.,https://github.com/yaya2devops/bachelor-guide/commit/9cf3a66acb8d9a5dd1eae65002bfcc3c691773d2
Contributions,https://github.com/yaya2devops/bachelor-guide/commit/f196199c02a598e00d2bf3293e603643c6046b84
Let it sink,https://github.com/yaya2devops/bachelor-guide/commit/25a2e153745a2617ad6ffa742a06d94fc555913c
Sunday inspirations!!,https://github.com/yaya2devops/bachelor-guide/commit/b41e99f2b626a37fca0246be25911e86288ea7b4
changes to the color,https://github.com/yaya2devops/bachelor-guide/commit/e2d9df31cd21d7af5fb6b29f8d56838953cd9eea
From phone b4 dinner,https://github.com/yaya2devops/bachelor-guide/commit/5d8e9518fd28a6ae23e69cf8649adad28400dfc8
DESIGNING,https://github.com/yaya2devops/bachelor-guide/commit/90390e6bb7ad92e82226f8fc5ff63ac86947fa34
Udate,https://github.com/yaya2devops/bachelor-guide/commit/3cf2c1660b32385bdcd1b311b313c62c973ba3fd
Merged for now.,https://github.com/yaya2devops/bachelor-guide/commit/89c55578abf5f5f8e7adf452be531dc68e600e17
update sem5,https://github.com/yaya2devops/bachelor-guide/commit/5219c4a304ff1cdede953994de39eb09e7146282
Curriculum updated,https://github.com/yaya2devops/bachelor-guide/commit/387d2f384de342e5adda5478524c799a9fab980b
More materials,https://github.com/yaya2devops/bachelor-guide/commit/5b796fc6cd8e27c370c964a130ffc8a7ca45449d
SEO ig,https://github.com/yaya2devops/bachelor-guide/commit/90f0a0c93ab2f14b9ff01644b59b9633d540059b
Clair,https://github.com/yaya2devops/bachelor-guide/commit/5dd1f5df910eb6595d929d8bc58c83192626c6e4
clair,https://github.com/yaya2devops/bachelor-guide/commit/c8d022c0405d7cff02915a4d34f65ac1d191494e
Saved,https://github.com/yaya2devops/bachelor-guide/commit/d2bcc0fb48b131e0d87e94de9803f28f375e502c
clean,https://github.com/yaya2devops/bachelor-guide/commit/fea9f9eaffc89a55a05e0e7e79745917c9af67e8
Not required.,https://github.com/yaya2devops/bachelor-guide/commit/65595883624f4e3c6028767a298ba3d54f02645e
Policy,https://github.com/yaya2devops/bachelor-guide/commit/0c003a2b6f7f743fd6fd4e9dadedaacc4cde56ed
Policy,https://github.com/yaya2devops/bachelor-guide/commit/6e81dadaca9e0160059f0c12b7fd169d5c30ae5b
My better reasons.,https://github.com/yaya2devops/bachelor-guide/commit/1440deafd36986873e172409669c451b9507f623
"Updated, left french for this page",https://github.com/yaya2devops/bachelor-guide/commit/fa900557e24e357ef98dbe68e06f64855cc99b38
Update intern,https://github.com/yaya2devops/bachelor-guide/commit/8396ac2947aaa48c0f53a694dc181d5882b02d88
Stage1 FR = DONE,https://github.com/yaya2devops/bachelor-guide/commit/e4f911ce4df13f49358c07bd9472bd24a050611d
better,https://github.com/yaya2devops/bachelor-guide/commit/eabb9ae861fc786826f0fae91e6eb1522ab73a93
fr hyperlink correct,https://github.com/yaya2devops/bachelor-guide/commit/e7883fc640758dd81bc7fc6b282a22d10e6c0a9f
Next these parts to french,https://github.com/yaya2devops/bachelor-guide/commit/40344ae58481082a8a2fe009491cdb7004e2591c
My timeline for the summer intern added.,https://github.com/yaya2devops/bachelor-guide/commit/9934e6221516ecb1ab31d4f1bd74681bee7995e5
SIZEEEEEEEEEEEEEEE,https://github.com/yaya2devops/bachelor-guide/commit/88cb6733dbffc41f1f1fcc3d7a3ba666eca90586
GitHub on coverpage fr,https://github.com/yaya2devops/bachelor-guide/commit/c811ea1f24f2c4ca89f0b0e47d1cc48a2c9f57bf
GitHub on coverpage,https://github.com/yaya2devops/bachelor-guide/commit/1316aa8502cec5820a98fe2aa8e8406e54f8c9cb
Included PFA,https://github.com/yaya2devops/bachelor-guide/commit/1b397db1dc16c038b9ac144535cda4d3f8257c8a
Updated,https://github.com/yaya2devops/bachelor-guide/commit/60caf4fa5e5b9d10699ab28ca55496d320b61329
checked,https://github.com/yaya2devops/bachelor-guide/commit/9062d587eecfe701453aad02489eadef538193bb
checked,https://github.com/yaya2devops/bachelor-guide/commit/be96cbbb1e4dadd189b0b939fbf9dc59206b6b22
changes to logo,https://github.com/yaya2devops/bachelor-guide/commit/8d1a296e61851be96a035baca01acd7c15264b35
Test,https://github.com/yaya2devops/bachelor-guide/commit/12b764f145f9d094f46d271791664bd12430a2e7
lien direct correction,https://github.com/yaya2devops/bachelor-guide/commit/1b0b6ac73ed4ae43ff1cdc586eadd381193700fe
lien direct,https://github.com/yaya2devops/bachelor-guide/commit/82c5cb43f59a90552530337238802618640d357c
directlink,https://github.com/yaya2devops/bachelor-guide/commit/04cbb95a8d37550592778283c16f4de4f58e9bba
"semester1, 70%",https://github.com/yaya2devops/bachelor-guide/commit/e42627d356bd5283a76ef4aa56b5a48f4b2f029d
that's it,https://github.com/yaya2devops/bachelor-guide/commit/53c89e7966826f53cd3af38ae1179ab07048fe79
Yakfi,https://github.com/yaya2devops/bachelor-guide/commit/8a13815991c50023b246d62c69ed4e470037110a
Materials Translation,https://github.com/yaya2devops/bachelor-guide/commit/70e57f5bffb33a4327c55bee99bd687fd02a7ac9
check,https://github.com/yaya2devops/bachelor-guide/commit/d65b0443fb9ebb44c422c6fdc431684009200a41
FR hyperlinked,https://github.com/yaya2devops/bachelor-guide/commit/722d6841fd619bd0267dae0773d6d3ca69d4186a
That goes to fr,https://github.com/yaya2devops/bachelor-guide/commit/9b1479fe9cc51f3efd148429da27c567db83df5e
Fr done!,https://github.com/yaya2devops/bachelor-guide/commit/f7e388d7569ac54174646bbe82951668c140c4f6
curriculum en FR,https://github.com/yaya2devops/bachelor-guide/commit/9a0d4f2f81d773b2b7cad9088064db46fd65080d
Cover to french,https://github.com/yaya2devops/bachelor-guide/commit/b04ebeaecae345089a9e9978eb1888a7d6aea24f
path,https://github.com/yaya2devops/bachelor-guide/commit/ccbf80e9d18ae4afe5a7544cf6ecf6af25854ef3
"Took stuff to apercu, big asset translation left",https://github.com/yaya2devops/bachelor-guide/commit/517f0bca18ed6c4d8538475cd939ca57af4cfdce
apercu fr,https://github.com/yaya2devops/bachelor-guide/commit/0ced55ac7e822ca9c98a0277eefa5ff3ec9c1e04
init,https://github.com/yaya2devops/bachelor-guide/commit/0a2fe2ee42539874b92526a36ee22cf521138936
CHECKED,https://github.com/yaya2devops/bachelor-guide/commit/4c03e3b0242ac0bce0b806e5ae35b036e554fd47
CHEKED,https://github.com/yaya2devops/bachelor-guide/commit/381e0c400319c6083760b432d0f25fc68a3d14a9
nvm thats not french,https://github.com/yaya2devops/bachelor-guide/commit/2d0c0f4b062295289fc4db8cf37ea870ada560a5
QR french linked,https://github.com/yaya2devops/bachelor-guide/commit/85eae1dde2cc16eefc46892c106a70d23c30e31b
Updated,https://github.com/yaya2devops/bachelor-guide/commit/d489e57c0a5b505c901a7ca56508fc81a7c9c4f8
Direction,https://github.com/yaya2devops/bachelor-guide/commit/4f2b317c44b9133692e9f7d6ac79e10e423dc110
Don't need that,https://github.com/yaya2devops/bachelor-guide/commit/8b9d2dcef0b488eeb4378674887bcb00ed8ef165
The best welcome page!,https://github.com/yaya2devops/bachelor-guide/commit/ea729dd0349dde2bfed305e91d40388d8b5e620e
updated,https://github.com/yaya2devops/bachelor-guide/commit/e79efef697abffca91e84e3eda558e59b73ea0f4
leave it as it is.,https://github.com/yaya2devops/bachelor-guide/commit/7922afa604ccc6a5956683ba45a16fe08abd064a
"Inspiration and one todo, done",https://github.com/yaya2devops/bachelor-guide/commit/4362e60e25a3c6ad8e8702fae54714d83c4940b8
Inspiration for today,https://github.com/yaya2devops/bachelor-guide/commit/773778b9cb956c5f488b8cb27697e27af77de1ed
chek,https://github.com/yaya2devops/bachelor-guide/commit/7f388f9b15ad95a286921a2eab367fa6db191dfa
FR qr,https://github.com/yaya2devops/bachelor-guide/commit/f3958b57cd99284a807367711fdc31965418d246
Up for later.,https://github.com/yaya2devops/bachelor-guide/commit/737b81d507e60bd683b19e9e87607ece5402f1de
FR rep,https://github.com/yaya2devops/bachelor-guide/commit/00e4d8fd3246535be87b267475821bca2987b927
Cleaner home without qr,https://github.com/yaya2devops/bachelor-guide/commit/3d00feec9cea5401f9f758a785d77aee4e9b099a
Navbar w/QR,https://github.com/yaya2devops/bachelor-guide/commit/7f9c93626539d617695896d2ec2a35e3134afbe6
Update,https://github.com/yaya2devops/bachelor-guide/commit/e6fb2ed3c95a0c8c947cfb5c18a6ebcee997055f
Welcome.,https://github.com/yaya2devops/bachelor-guide/commit/cc8effba6be0cd092596d5137336dcdfb76f8475
Latest curriculum,https://github.com/yaya2devops/bachelor-guide/commit/41065fb110660c18923b6f1ff0b5f67f6c810962
Me thingss..,https://github.com/yaya2devops/bachelor-guide/commit/a115e0f02adad0faf35387c49cf725377853657e
Hyperlink with new section,https://github.com/yaya2devops/bachelor-guide/commit/ff82d62b0e3c810df65813108c48f698f1ca9448
Adjust,https://github.com/yaya2devops/bachelor-guide/commit/55e928acf94a52ba7d7ea2d59d164882dee77561
Another update for the big asset.,https://github.com/yaya2devops/bachelor-guide/commit/6a03491d0ef241c670095aac1cb602d0a1a97ed5
v3,https://github.com/yaya2devops/bachelor-guide/commit/b26885b904e8defb3a282352605622e3b5ceb9f8
hm,https://github.com/yaya2devops/bachelor-guide/commit/ed0fec5bed5c990af2c135fdf12b9311e410f30e
Ops change linking,https://github.com/yaya2devops/bachelor-guide/commit/0b6fdaa677b366700e2903ed6ee7c3d8879b5d22
"Some adjustement, overall great",https://github.com/yaya2devops/bachelor-guide/commit/d7e7e1ac4d5e7a70f079afd065a73ad5af07a772
V2,https://github.com/yaya2devops/bachelor-guide/commit/0eef5d3b50dfc2aa830f21902668312977ff7abb
The big asset is doing great!,https://github.com/yaya2devops/bachelor-guide/commit/da1fc5709956638fdc72371fc098034b63155634
Updated,https://github.com/yaya2devops/bachelor-guide/commit/a0b5f32c15cddd26a7f2f786f9b48cb08d2d764c
Big asset getting in,https://github.com/yaya2devops/bachelor-guide/commit/392efa6e6d4734c60f3811d021f6c677e70898eb
"Welcome GitHub Readme Page, adjust",https://github.com/yaya2devops/bachelor-guide/commit/41fdbbf9cb5f64a35b75ab8a35382643f77dbfc4
Main gif,https://github.com/yaya2devops/bachelor-guide/commit/fa3ff74f099caf65899b9dd60ab1254ee867149b
Check for now,https://github.com/yaya2devops/bachelor-guide/commit/7941a3b5b73145fc3ee36f845bf9d6fef1a69ac4
Gif,https://github.com/yaya2devops/bachelor-guide/commit/57e6949138545661ae398934d4787c18d4936c09
Let's go for main,https://github.com/yaya2devops/bachelor-guide/commit/f460fa0bbac1e498cefcb471e43f0b05d1dcaa17
Inspired,https://github.com/yaya2devops/bachelor-guide/commit/cb09b12694356b88d2cfc51862940915b589f6cf
theme navbar,https://github.com/yaya2devops/bachelor-guide/commit/ddd58351edab6d9886b872f8c4845f48ebe7c64e
"Navbar, better then ever ig.",https://github.com/yaya2devops/bachelor-guide/commit/545b745910455353173ece7356ee880886a2a45a
"new navbar in, fr",https://github.com/yaya2devops/bachelor-guide/commit/1207e93dc2bd1681906228974842c588df761474
new navbar in,https://github.com/yaya2devops/bachelor-guide/commit/d2e3cc6899dc2207ef56eed7ae57f0e18560bfae
nah,https://github.com/yaya2devops/bachelor-guide/commit/b0f51330c06623828a6811a8af5f8e741c1a5bbd
idk,https://github.com/yaya2devops/bachelor-guide/commit/94b55d7a2e131685c9ff132b9045afe1f17ed436
hM,https://github.com/yaya2devops/bachelor-guide/commit/99b5dc6fed3875a6f35048b15d09cef8a511dbcd
Path,https://github.com/yaya2devops/bachelor-guide/commit/73a03d517ad474aa0410dbdc7de223c1e9aa448a
Navbar?,https://github.com/yaya2devops/bachelor-guide/commit/0d429557aaed38f120f71cbe1ffdaa007b1e720c
Navbar?,https://github.com/yaya2devops/bachelor-guide/commit/3db50b4eb5dab0675f3e7604a43c0dddc420c764
Down,https://github.com/yaya2devops/bachelor-guide/commit/ce12ed7ea6b162505713cbde21011ede61cd1eed
Updated navbar,https://github.com/yaya2devops/bachelor-guide/commit/8d685fb19079b8ab55c6ae8a604f460cfe5164e6
h,https://github.com/yaya2devops/bachelor-guide/commit/2342da04f780b63ffaa889dae6c9c60e8e0bd79a
Checked,https://github.com/yaya2devops/bachelor-guide/commit/ecf61ec793938632f4a170b5023123d611c60702
Updated,https://github.com/yaya2devops/bachelor-guide/commit/d6ae93d49526aae0d2674965c3ecebf7277c2532
Update,https://github.com/yaya2devops/bachelor-guide/commit/97385d65120865ce036961d427c7a430a55a9f31
S1 SUBJECTS OVERVIEW,https://github.com/yaya2devops/bachelor-guide/commit/6c59a7331ca9f5ebad87a2a0d93e71ccf05a6eb8
CAPITAL,https://github.com/yaya2devops/bachelor-guide/commit/a11d35fea85cfb4f760634ec96f9c1eb3ed9fb6c
Updated,https://github.com/yaya2devops/bachelor-guide/commit/08b242430c5f0c6730d80b86c5e417b813d7252b
check,https://github.com/yaya2devops/bachelor-guide/commit/00b2b47812eebdd6b4e2da63794c9e1318f0f33e
Navbar fr,https://github.com/yaya2devops/bachelor-guide/commit/011b60e74eb41065d04caca9c66a2f71fe530350
End.,https://github.com/yaya2devops/bachelor-guide/commit/dbb0f3eacdca7bfe1f02b799480373eddc0ef460
"Corrig√©, inclusion",https://github.com/yaya2devops/bachelor-guide/commit/eefb4e5b57e775c2a40d6a6a05eaedd261529b74
design,https://github.com/yaya2devops/bachelor-guide/commit/d6a6036d9186fac70b024bb52b6aba84221d6c26
Nav fr,https://github.com/yaya2devops/bachelor-guide/commit/74ca29c2a09284c8ed82b4cb15ef5efb51fc75cd
FR SEM1 &2 Subjectsgit add .git add .! + coverpagegit add .!,https://github.com/yaya2devops/bachelor-guide/commit/82f0e310797649ccee4356d08740bddcd19e6c18
fr cover+ sem1,https://github.com/yaya2devops/bachelor-guide/commit/76120dcc38a5729edf3815e0d51a75cab08683c9
Merge branch 'main' of https://github.com/Y4HYA4/TheRealBachelorsDocs,https://github.com/yaya2devops/bachelor-guide/commit/1564f33e6877ac150e28c3daf58843fee95c4e8e
french changes,https://github.com/yaya2devops/bachelor-guide/commit/e4ac6fdee6a9b9d68d86839f1fe59e07d9da6970
Latest inspiration,https://github.com/yaya2devops/bachelor-guide/commit/c9ea33dcd48ca4bb6df51e83bfb0685c2e5f043a
another one computer instead for later,https://github.com/yaya2devops/bachelor-guide/commit/2ade81d0f42715562a74c50f477c0be999cd89e6
applied french cover,https://github.com/yaya2devops/bachelor-guide/commit/14638fa60c3a758591f371541a5a5855c94a9ef3
Aziz's color fit,https://github.com/yaya2devops/bachelor-guide/commit/46aea76aac5634261fae96f99707800ffd8e114b
"Check aziz's design, mb",https://github.com/yaya2devops/bachelor-guide/commit/43bd8616f8eec62db6f762d69696d30edc22b845
Check aziz's design,https://github.com/yaya2devops/bachelor-guide/commit/ee8e41f660ef8749cf17d602c065fc59518da25a
Aziz Bouguerra design,https://github.com/yaya2devops/bachelor-guide/commit/dff6071f146fe3341c49669950631b983cc94ebf
Merge branch 'main' of https://github.com/Y4HYA4/TheRealBachelorsDocs,https://github.com/yaya2devops/bachelor-guide/commit/dd0bec74f5795eff001909547c22c4907a04258c
coverfrcomplet,https://github.com/yaya2devops/bachelor-guide/commit/05e8c61654c96391184e39dfc4e919cbdb7dad7e
check for later,https://github.com/yaya2devops/bachelor-guide/commit/cf6147a2b82601bfc04c1282ecf74ae6fdd7f3c1
FR,https://github.com/yaya2devops/bachelor-guide/commit/d87d557b77a0e35a213916905157b188ae9f8c72
logochange,https://github.com/yaya2devops/bachelor-guide/commit/e4e25e1675a6c84849aa11858f3da160a6cfc9a7
Updated fr,https://github.com/yaya2devops/bachelor-guide/commit/c6e69741239bda337652f9ddc16a8685abc0c13b
French stuff,https://github.com/yaya2devops/bachelor-guide/commit/da9bfbca2cd1c61ffb7b47381775309d36d3140e
french INIT,https://github.com/yaya2devops/bachelor-guide/commit/656ca50c0792f5239967c5dda4de5f72db5a9827
french INIT,https://github.com/yaya2devops/bachelor-guide/commit/8a1197ae23ac3b76dd9d1253dd4ec19d89f71433
Update,https://github.com/yaya2devops/bachelor-guide/commit/33dfe0a460d773faf31bb91bd4787c6b6abc3ac5
Check.,https://github.com/yaya2devops/bachelor-guide/commit/f5d8b7a61d48c32dab9216510de42f68e61315a3
User check.,https://github.com/yaya2devops/bachelor-guide/commit/1df6120489269dd8f9011b1e9a460dc7e1c3f943
Updated,https://github.com/yaya2devops/bachelor-guide/commit/89a207ceb41d932dc776d943c0d2d282e8b1818a
Story in,https://github.com/yaya2devops/bachelor-guide/commit/6c8590f7ce40ef00af058e5c835e07d5c204ff78
More.,https://github.com/yaya2devops/bachelor-guide/commit/522a611b1d8b327f531039ca121721e5e1af5bfa
New file.,https://github.com/yaya2devops/bachelor-guide/commit/45356deee9ac847e1605baf2cb342ad598f86482
works,https://github.com/yaya2devops/bachelor-guide/commit/23786ea23ec1bb0d7b6d17f291afac9a38f45adc
Story.,https://github.com/yaya2devops/bachelor-guide/commit/32df5a3da6e81fb2157442d9826fa807d9ad94dd
Hm,https://github.com/yaya2devops/bachelor-guide/commit/bb16e731d171d40e1db82e7bdbedef5cfc21e0d1
Story,https://github.com/yaya2devops/bachelor-guide/commit/4ad93457172873da05914d1d370a2de5da2ce282
Check,https://github.com/yaya2devops/bachelor-guide/commit/861aa02dc143d9ce23316a74d3d629188d26ee95
Update,https://github.com/yaya2devops/bachelor-guide/commit/a0b4c52a91075c5405e4abeefc34f81eaf48be9d
Favi path,https://github.com/yaya2devops/bachelor-guide/commit/6a837b4c5df1d7f48e60521e200a809f86b73d77
Favi updated,https://github.com/yaya2devops/bachelor-guide/commit/c27c8b6d0c79e33739eeeb729d1c0f34cdd6081b
Hm.,https://github.com/yaya2devops/bachelor-guide/commit/28389792cde131074bb0126af741c3fddd526c6d
nope,https://github.com/yaya2devops/bachelor-guide/commit/a88cadbd3b332441772f28fdde7c99bfaa255195
stylin,https://github.com/yaya2devops/bachelor-guide/commit/2e5458b6d3689a00584cb889e35568af140e4a7e
HM,https://github.com/yaya2devops/bachelor-guide/commit/349530b92990a2cd814b12dad2cc31be90a2e16f
dunno,https://github.com/yaya2devops/bachelor-guide/commit/213beee62b50c1c580400743938a91b90b454f41
Icone for later,https://github.com/yaya2devops/bachelor-guide/commit/5a7dd128683792bc3c5f31b28c966224ae566c40
Design,https://github.com/yaya2devops/bachelor-guide/commit/297d799adcd013ff666d6df8a358cb6894091eff
Anotherupdate,https://github.com/yaya2devops/bachelor-guide/commit/069ddb4bc554f0bce4bd7b2d57e2acf708a2f577
"Updated the coverpage Image, more up and space",https://github.com/yaya2devops/bachelor-guide/commit/71e2ced687730b65fbb7e52a40dc731f2558fff9
Let's update this1,https://github.com/yaya2devops/bachelor-guide/commit/81af2c827da2f66594cd2847172fb59dc98b3a3f
Updated thoughts,https://github.com/yaya2devops/bachelor-guide/commit/6d808c56aef0415079ddb1ba70e96574232d378d
Updated array,https://github.com/yaya2devops/bachelor-guide/commit/fdd661f5de07b2c68757f32da7aec333e28a45e2
Updated array,https://github.com/yaya2devops/bachelor-guide/commit/033de698038f56c8d2f41e297c20ee989dd33908
Updated array,https://github.com/yaya2devops/bachelor-guide/commit/4889f6f1355b456e1086c37de259a4cde6e2ec7b
Updated array,https://github.com/yaya2devops/bachelor-guide/commit/65fa31c4b6592f7994e445191baca7726d2f4510
Updated with latest software use case,https://github.com/yaya2devops/bachelor-guide/commit/0a6a41b9b6cc628fd831b052b231bbe7dd5c8c58
Updated structure,https://github.com/yaya2devops/bachelor-guide/commit/3e8458f2bff7b2cae46169b5fa97d3f17c8e7c65
Updated stuff,https://github.com/yaya2devops/bachelor-guide/commit/101698a7ad897ba609ed042abba97cce54636867
Update analyse,https://github.com/yaya2devops/bachelor-guide/commit/4634754a2b8b2c1af0eedb0a6594643ccfa19a01
Updated analyse,https://github.com/yaya2devops/bachelor-guide/commit/8f4f4ec9d569481b26e9c5ac649c8630f538be4d
High check,https://github.com/yaya2devops/bachelor-guide/commit/1cfd9a24dd7d12baa0db16996ebeb6505f1d30d3
Spread correct,https://github.com/yaya2devops/bachelor-guide/commit/b503556dec8e85e8e2f478f5ab92c57f99c297b7
Yep,https://github.com/yaya2devops/bachelor-guide/commit/7d8bb60605891f4bfcc42540d31be2b623d45428
Updated.,https://github.com/yaya2devops/bachelor-guide/commit/e6763d6555a25e3f39c89a15e82b69f9ae7629fc
check,https://github.com/yaya2devops/bachelor-guide/commit/234ccd7c1dc43c3818231c80d982914e137ef18d
FR init,https://github.com/yaya2devops/bachelor-guide/commit/691de6cee997df14b05b32fad684a476af5b2147
License & code stuff,https://github.com/yaya2devops/bachelor-guide/commit/449e3f7b2f0061a59dd5ead013b8b049b62124ad
new section,https://github.com/yaya2devops/bachelor-guide/commit/883e9d9c0cccc301c3fac31831f44d530a3b631b
check,https://github.com/yaya2devops/bachelor-guide/commit/f2fd93c3752ffef5b820ef8253036254ab91f909
check,https://github.com/yaya2devops/bachelor-guide/commit/b63a21c50d0f3744bee170bc66b688a394946e2b
-,https://github.com/yaya2devops/bachelor-guide/commit/ba90a2100b3111d01a36be4ea3e8b7d38b41955f
Cover hey,https://github.com/yaya2devops/bachelor-guide/commit/d5cd1e699a5943d013a08dc9c67276ca14f3ef0e
+,https://github.com/yaya2devops/bachelor-guide/commit/6c5defb12d095fcc0a24ff430c920c5d47b0507b
coverpage logo,https://github.com/yaya2devops/bachelor-guide/commit/71188fb9810a94b983e1e5631477822f45e19ffe
I cant remember all the past llool,https://github.com/yaya2devops/bachelor-guide/commit/3e846cd63582b3ddb9b6356c4d7ac96a1853e22f
Notes,https://github.com/yaya2devops/bachelor-guide/commit/d02af386a84d3fbbc8c410d6857d92e97e48ad9b
test,https://github.com/yaya2devops/bachelor-guide/commit/2a2c96f6b2117de756dfe9d206758ca555b91c4e
Welcome+,https://github.com/yaya2devops/bachelor-guide/commit/cb63eaa30ba55506a41fc4cfe43082e7c813ed90
Yeah that's yesterday,https://github.com/yaya2devops/bachelor-guide/commit/163f77d74a3f56ec0bc2e92f733222f64b24b7ee
Let's see this 1,https://github.com/yaya2devops/bachelor-guide/commit/d7ef807a45343dcc721c74747ab48f15d184c3f8
Guess the best :) mayeb,https://github.com/yaya2devops/bachelor-guide/commit/6cc89bc596cec80c6bcad0d0cd4849117ef36c8b
Merge pull request #26 from BytM3/main,https://github.com/yaya2devops/bachelor-guide/commit/d98e19cf6af8a441872c0f2c6019bab246d2df9d
fxd,https://github.com/yaya2devops/bachelor-guide/commit/db61a91cfcf7d3c0140e6a03615ddaec65570b7f
Direction icone,https://github.com/yaya2devops/bachelor-guide/commit/f95d9e9ebd31095463d1f950a610cc6939cd893c
Notes on the navbar,https://github.com/yaya2devops/bachelor-guide/commit/23e8c8b41331f535cd9a2607c72d7e50c2e186d5
noted,https://github.com/yaya2devops/bachelor-guide/commit/0a33107c7eeee681420770c4f9c602b4c0fd2759
noted,https://github.com/yaya2devops/bachelor-guide/commit/a15335fb4852e3f5d35536dbd054b1f97415eba4
Merge branch 'main' of https://github.com/Y4HYA4/TheRealBachelorsDocs,https://github.com/yaya2devops/bachelor-guide/commit/d295df60be0d83d23613d98a5e08ebbc61c81379
table of content,https://github.com/yaya2devops/bachelor-guide/commit/2f3004abf2d973cf8959ca143c1a8f2c853f7333
Great!,https://github.com/yaya2devops/bachelor-guide/commit/f438050f3a32ea691f69e3155ce3f41c5e570e17
change log,https://github.com/yaya2devops/bachelor-guide/commit/1907e09befb6d9bc514c4a8498118ed9bc35cf3b
Merge branch 'Y4HYA4:main' into main,https://github.com/yaya2devops/bachelor-guide/commit/1ebaabd768190f05b744a387ccfaa975f7bf7793
fixed,https://github.com/yaya2devops/bachelor-guide/commit/8f24b5c0875946a5bb0397615579e6e5a7e65a99
Thanks Jawher,https://github.com/yaya2devops/bachelor-guide/commit/afc837e1ba2fa290df0587b42b181895fa49789e
Merge branch 'Y4HYA4:main' into main,https://github.com/yaya2devops/bachelor-guide/commit/54f2aa54463e3781c039dc15958bd05fc2bc5cab
fixd,https://github.com/yaya2devops/bachelor-guide/commit/98d5ac1081e3deee9c45aff88a123be421eef7e5
"more to sem4,5 IRS and sem2 mutual",https://github.com/yaya2devops/bachelor-guide/commit/f4a75bf28361e24a16eb7ea3ca10bc4dccf36e68
fix,https://github.com/yaya2devops/bachelor-guide/commit/3cf1821509c201a62ad2d0bf69942fde1d2481e1
Merge pull request #22 from BytM3/main,https://github.com/yaya2devops/bachelor-guide/commit/68dbbfe54eca6ed3c1fd27df547f2f9bac5b37ba
fix,https://github.com/yaya2devops/bachelor-guide/commit/1bf117d753494dc7567f0272c25e641325c47374
Notes here.,https://github.com/yaya2devops/bachelor-guide/commit/8bd44a9811888b13371734d872cdfcdce08d9f61
NavHm,https://github.com/yaya2devops/bachelor-guide/commit/aff2e1279ea4c09f34be467ed9c43f70ae6c8f26
Navbar check,https://github.com/yaya2devops/bachelor-guide/commit/a8f5c1403740bae3e5713e10b07b41ea5208eb45
up,https://github.com/yaya2devops/bachelor-guide/commit/45c3799bb8250da49944432e44f5341044ace68b
important changes,https://github.com/yaya2devops/bachelor-guide/commit/cbba05a24a548dacf77097ded2f2d3fff98fa6c6
concat,https://github.com/yaya2devops/bachelor-guide/commit/9b845fdce9dd4c96b4f9523270328c68cd14ec55
Semester 1 check.,https://github.com/yaya2devops/bachelor-guide/commit/b483734e35cf7f9d00c4216e81693970f8640f9b
Update to sem1,https://github.com/yaya2devops/bachelor-guide/commit/a93706bcfe9b5e43b6bac132113b957ed333da83
Updated sem1,https://github.com/yaya2devops/bachelor-guide/commit/04a7ea2b8bc33bc6339033dae552b6214c1a058e
More.,https://github.com/yaya2devops/bachelor-guide/commit/0d21227ee245a0173c0f883cbde400c631b034f0
load,https://github.com/yaya2devops/bachelor-guide/commit/ab70808e252f5ec6419d91b41d9d5ff247444283
size,https://github.com/yaya2devops/bachelor-guide/commit/80c6284d7ed549a677618a874954e69fd335b8a2
cs,https://github.com/yaya2devops/bachelor-guide/commit/50fe59df0bf5d7a0e121c060f20667bfaf83db92
BRB,https://github.com/yaya2devops/bachelor-guide/commit/8f4e97429b95a22943e0bd85391d233fb8eb4276
dr,https://github.com/yaya2devops/bachelor-guide/commit/5e811f8ec1e55c746629bfc7b82080288b9c0ad6
h,https://github.com/yaya2devops/bachelor-guide/commit/6a801f5e3c4a1475872df61e6c9b56d280eeb410
Neat ig,https://github.com/yaya2devops/bachelor-guide/commit/01dbab2f61a9b2bb57815bfe00f17c1e6fe301e2
Merge pull request #21 from BytM3/main,https://github.com/yaya2devops/bachelor-guide/commit/3a80a65c41b37f57d8b5f020e37f6f0fce976a05
hands on,https://github.com/yaya2devops/bachelor-guide/commit/53e3e4138930bd887c8ddad6a261642f6efeb1cb
DISC,https://github.com/yaya2devops/bachelor-guide/commit/cff073d111eec958fbe9e544359207f95663843d
distance,https://github.com/yaya2devops/bachelor-guide/commit/66f71c288b3360e747fd3252f7a366e9c9900bd8
<>,https://github.com/yaya2devops/bachelor-guide/commit/84381b8d27a079027449ca36c8799680eaeef0da
Fixed,https://github.com/yaya2devops/bachelor-guide/commit/2c0b5dbdc8c7865cd0ba0a9e503e7aef4ce227d7
Included,https://github.com/yaya2devops/bachelor-guide/commit/d45607140c08b24458522a98ead532afb0bfd85b
Update,https://github.com/yaya2devops/bachelor-guide/commit/a6cc808349b07ff66f0446ed010e84097d2bc935
hands-on data,https://github.com/yaya2devops/bachelor-guide/commit/e1dcc29b9dc1dc1f6c609dd5c65a6545e50eea22
To the top,https://github.com/yaya2devops/bachelor-guide/commit/f481f4eeab3ac6f2e37283fb91cb364fb40e877c
edit,https://github.com/yaya2devops/bachelor-guide/commit/9bbc269a8c8140f0b10eed67f6c4ea9431cae9b0
Neat?,https://github.com/yaya2devops/bachelor-guide/commit/c4228243ef86f144b4a681e2767bca1f53ef9d8a
Merge pull request #20 from BytM3/main,https://github.com/yaya2devops/bachelor-guide/commit/97c1a2500c72ff17fda284f59a91a61ced3ba5ac
lan col,https://github.com/yaya2devops/bachelor-guide/commit/045f6ca83893a6d0c69c8c20fe1871eade2f3899
HomepageOn,https://github.com/yaya2devops/bachelor-guide/commit/b3e28978c49d0469bbe035d6367f6db8ababcf50
Homepage,https://github.com/yaya2devops/bachelor-guide/commit/b81408037bc1a4986753ee4c7b91cc3100384841
Updated the HOMEPAGE,https://github.com/yaya2devops/bachelor-guide/commit/18cd45da044c4d4adc345f795fc3b1ba2e75dd44
Updated the HOME PAGE,https://github.com/yaya2devops/bachelor-guide/commit/ed2289a7d05aeacae6375ee4a37e72426552b40b
tst nah,https://github.com/yaya2devops/bachelor-guide/commit/1716870d12e68f23b12a880b82c2759fac06201d
tst,https://github.com/yaya2devops/bachelor-guide/commit/7512b7f301e65ce3d2ca202c19a7759bc3998255
Description.,https://github.com/yaya2devops/bachelor-guide/commit/babd9e4d315d44729421524594c5f228da3e2b90
Initial Intern Step!,https://github.com/yaya2devops/bachelor-guide/commit/1da96a0eed16ba2763a425369c06e49d540a8a85
Initial intern step,https://github.com/yaya2devops/bachelor-guide/commit/9797b639f59cceb0d09c9b24a1313297c7a96ccb
asset,https://github.com/yaya2devops/bachelor-guide/commit/4ea9ae4b8973608f575865bd36340f282cde352e
Asset included image format,https://github.com/yaya2devops/bachelor-guide/commit/65857a00626be2491ddb6d003cddbd6f7ad4ccb9
Assets added,https://github.com/yaya2devops/bachelor-guide/commit/a3879a97f8471a56abc06a8cb01b4c53f26398db
Intern going great,https://github.com/yaya2devops/bachelor-guide/commit/13d419b91ed8bb1c353b78b8ae9501c92a571321
"Init, assets left",https://github.com/yaya2devops/bachelor-guide/commit/f9371b2e8e4c7a4300a7e5870610b1ef477d8a2e
Attestation,https://github.com/yaya2devops/bachelor-guide/commit/18641f7f26e9d38dbefc562efb93ae6e55a941c2
Jawher EmailUPDATE,https://github.com/yaya2devops/bachelor-guide/commit/eca9c485b8deac7532bd1b6a80fd2c5fe6702860
Email update,https://github.com/yaya2devops/bachelor-guide/commit/cdbb2c61f8240c0627956ad5d5debd6427b4dad6
Updated,https://github.com/yaya2devops/bachelor-guide/commit/67cfa29ba668f2a363dd6103ac206c0dc72d301f
Required links updated,https://github.com/yaya2devops/bachelor-guide/commit/e3c2a8df255170892b4d8d9d642d9a7d76fc11d2
Required hyperlinks,https://github.com/yaya2devops/bachelor-guide/commit/d35f92c98cda6aebcd0e9b82b804829137391c31
Intern 1 Infos,https://github.com/yaya2devops/bachelor-guide/commit/588db398ae54f46bcac94d75c0a4c9025b7853bc
InternSTUFF,https://github.com/yaya2devops/bachelor-guide/commit/ff2aacb3244399f4c29999ac1062b948ce7a4b8c
Update Jawher email :),https://github.com/yaya2devops/bachelor-guide/commit/2c2a60e7c5bfa6a219b0ada1060c17174cce9cbb
Updated Email adresses,https://github.com/yaya2devops/bachelor-guide/commit/40cd91976b4393758e92c116b3ad06c456d01841
Hands-on,https://github.com/yaya2devops/bachelor-guide/commit/a7490b39b17790342f36df5dd6fc20a56bc71df3
dunno,https://github.com/yaya2devops/bachelor-guide/commit/4f75ee08cc4d940a6b69611c8a5ab2ac9e35d5db
istic,https://github.com/yaya2devops/bachelor-guide/commit/6201865943294f6c142c8fe231186cc771e6bfc3
ISTIC,https://github.com/yaya2devops/bachelor-guide/commit/f554cffba23e1108c498980dc80276d28b55524b
Merge pull request #19 from BytM3/main,https://github.com/yaya2devops/bachelor-guide/commit/169ebae3d4c64aaedea1debd456bdec92e6e09d1
color,https://github.com/yaya2devops/bachelor-guide/commit/b891e6e4f2ccc6b4d49a95de1d36ad44ccf4cf64
Hyperlinked,https://github.com/yaya2devops/bachelor-guide/commit/b8135fb77104022aea8908965ac81898128ff9be
For GitHub Contributors.,https://github.com/yaya2devops/bachelor-guide/commit/602a36f4d82741737cedd20e8307851e5ff9fa1c
For GitHub Contributors.,https://github.com/yaya2devops/bachelor-guide/commit/298deb4c01ece8b788f675e65a394ccaa39d0dcb
Union,https://github.com/yaya2devops/bachelor-guide/commit/d87792ce03d623cc7bf0891209f87afe214812ae
up,https://github.com/yaya2devops/bachelor-guide/commit/2aff599815eb88cdc43511fc8c3415532ea1e2b7
"Best regards, we",https://github.com/yaya2devops/bachelor-guide/commit/5dbf6f5c439433ce8377191c616bfecfb8c136eb
adjust hashtags,https://github.com/yaya2devops/bachelor-guide/commit/254d17997d3fba02e8f787ce9e6f3de5efe84c52
QR #18 from JAWHER,https://github.com/yaya2devops/bachelor-guide/commit/d29dbc46f3c4dd618e673785d01a0af80ed870e9
Merge branch 'Y4HYA4:main' into main,https://github.com/yaya2devops/bachelor-guide/commit/b8a3bf53c2467ba20486b1b4568373e33f124d79
dev,https://github.com/yaya2devops/bachelor-guide/commit/08eb182c2fd79716774e0382ed4c9a194d801745
dev,https://github.com/yaya2devops/bachelor-guide/commit/995abb5e0cd47686b89a64c35aecc7147b3ff9bc
mobile down,https://github.com/yaya2devops/bachelor-guide/commit/3edc8c55782f3879bcc0d01756729266f1077410
Updated,https://github.com/yaya2devops/bachelor-guide/commit/7e1486d1fa4f24c279075b1dedeb50ef51abecb2
Merged #17 from JAWHER,https://github.com/yaya2devops/bachelor-guide/commit/92fa5c34f7f0fbbfbb4bb505530e48154c9fca34
dev,https://github.com/yaya2devops/bachelor-guide/commit/49348399481fcca824a9087cafbbdf005954c42d
.,https://github.com/yaya2devops/bachelor-guide/commit/4cfb68881581cae043d761fa98d2edfec905aa45
up for ContributionPage,https://github.com/yaya2devops/bachelor-guide/commit/21268295f3448e6e1f2b818be43d384c321bbae7
Adjusted,https://github.com/yaya2devops/bachelor-guide/commit/a13ac2c65fda29b887ddf014ec839c749d82aff9
to the left,https://github.com/yaya2devops/bachelor-guide/commit/bff605cea5eb269f5d150de583ac88b8f0f0af21
"How it works, your contribution!",https://github.com/yaya2devops/bachelor-guide/commit/3199a5fdedae89d274f3438c746be90753f1c64b
FormADD,https://github.com/yaya2devops/bachelor-guide/commit/0b00dde9c65ecdb5135db669b580010badf042c7
Noted.,https://github.com/yaya2devops/bachelor-guide/commit/53142b942c48dde233fcb8840c25ecf5117f9bc1
Updated FR comin soon,https://github.com/yaya2devops/bachelor-guide/commit/2a198accadd1da497949dc5647e33f0f41b85055
Contributions. Mails On,https://github.com/yaya2devops/bachelor-guide/commit/97bcf3cecb28862a124a4901a39dac4a00fc573b
More. Mails setup,https://github.com/yaya2devops/bachelor-guide/commit/2d5b4da08fe3f99cbe84fe6ca7ee7eb1265bac23
Intern INFOS,https://github.com/yaya2devops/bachelor-guide/commit/35dface0541118a4d85890dfca365d6471de688e
will see,https://github.com/yaya2devops/bachelor-guide/commit/4d8ddfbe4199f92093fe450695c15282cc61fa1d
Updated the best page ever,https://github.com/yaya2devops/bachelor-guide/commit/cf96b7b5dd69e64b7da2f5251f7ed105ceefcb01
the best,https://github.com/yaya2devops/bachelor-guide/commit/2dae8027cee5dc25e1332f9107b3fc893d2cff28
intern,https://github.com/yaya2devops/bachelor-guide/commit/2c79fe5123b237a93f5a44db59b8071b8887c2d3
Interns,https://github.com/yaya2devops/bachelor-guide/commit/3ad20348365390525c81819e4126b593de4ec36e
interns,https://github.com/yaya2devops/bachelor-guide/commit/80cd6558f3c97aae24cc6fcba70c00ae7ac07095
Updated: bold viewers nbr,https://github.com/yaya2devops/bachelor-guide/commit/f5a240aafa707c4ee0a698e9762a2201ab55f397
Updated,https://github.com/yaya2devops/bachelor-guide/commit/7ab9c040680ecea269002082626142f2202d4297
Updated,https://github.com/yaya2devops/bachelor-guide/commit/f477d2b0c14b2e45bb39d5f4a1130446b1352a12
Merge pull request #16 from BytM3/main,https://github.com/yaya2devops/bachelor-guide/commit/66e710150b1aa41046a159a67cb91770ad069067
changes,https://github.com/yaya2devops/bachelor-guide/commit/4d70a934377c58284ae03530921478ce3197ef1e
Contribute,https://github.com/yaya2devops/bachelor-guide/commit/c639b8991eab416c3f88108a38515cb776ed521f
Updated,https://github.com/yaya2devops/bachelor-guide/commit/7ab7b07a8b6a4bbb75a338056f9456c74bb2050f
Updated,https://github.com/yaya2devops/bachelor-guide/commit/ecc84ff97d8ded433c8c4582344ab88ed0e69356
Updated,https://github.com/yaya2devops/bachelor-guide/commit/6c1fad30f3a05eace6dee74d36fd4b7407525faf
Updated contributors.,https://github.com/yaya2devops/bachelor-guide/commit/e2bb71b4c54d73ceb5ff37fc7ee3809dd8ec1bf0
Updated current contributors.,https://github.com/yaya2devops/bachelor-guide/commit/4d6cad0877f344e56e85609b9b9b457c3e4be236
drive,https://github.com/yaya2devops/bachelor-guide/commit/79dcf3cc643f18f3a76f36415d8617a2e8f4a854
driv,https://github.com/yaya2devops/bachelor-guide/commit/057c06d987e39952d39a9a784eaa0efe41641ab4
up,https://github.com/yaya2devops/bachelor-guide/commit/d36c450e1d93da4f469cf77783f409f8fca4792a
up,https://github.com/yaya2devops/bachelor-guide/commit/05bb3b8467bcef3ed5b487ea7db72053c8042ffe
up,https://github.com/yaya2devops/bachelor-guide/commit/6cd2b86b95f7f7d0e8d754faf63221b0c68c3255
up,https://github.com/yaya2devops/bachelor-guide/commit/9fb1583e711c7028bd184f900f0738bca1a5447a
up,https://github.com/yaya2devops/bachelor-guide/commit/d6081abb4a074c0e58765bf8cf8e634ccc6b8d5a
up,https://github.com/yaya2devops/bachelor-guide/commit/af53570761f14807ce8b6a7efa7767b01259ef46
Up,https://github.com/yaya2devops/bachelor-guide/commit/296136c75f580b0d7717634f00392f67ab4c53db
uup,https://github.com/yaya2devops/bachelor-guide/commit/ee4655cf29f0c15f7599fbdf970ce70c27646fbc
up,https://github.com/yaya2devops/bachelor-guide/commit/98c6873779a45572bdd4cf2e4a51830510848283
Updated,https://github.com/yaya2devops/bachelor-guide/commit/b98c3ff3c99f258edce0641fe3fc26b246f5f679
Up,https://github.com/yaya2devops/bachelor-guide/commit/1b364f84f5d9e257350c45b3ea9b99a728303804
Update,https://github.com/yaya2devops/bachelor-guide/commit/f810cf52565cbe6934247bd1c3de0557e1ef0824
"Updated, dunno.",https://github.com/yaya2devops/bachelor-guide/commit/fc1eb2a92c14dd70962766dc739f83d889db88e4
update,https://github.com/yaya2devops/bachelor-guide/commit/6c3be7329cecbcee19107b1adfa062e35766d1b3
Designed,https://github.com/yaya2devops/bachelor-guide/commit/23697968d98137dbea91c304de88a26b4d69b3c3
Adjust,https://github.com/yaya2devops/bachelor-guide/commit/e3917f5568d83cbb8c176ea8f28a5e7133977b0d
Updated,https://github.com/yaya2devops/bachelor-guide/commit/308356410892d496c90e65fb237e4e5f2182ef9f
NumbersDrive,https://github.com/yaya2devops/bachelor-guide/commit/1f6656fe88b174788b8c2c78bd14834950dc7131
Update,https://github.com/yaya2devops/bachelor-guide/commit/c4374752ac1a5330cd7dc94f3fefe2b11f84bb38
up,https://github.com/yaya2devops/bachelor-guide/commit/0d75ec1609cf1bb355417f357c44ba201491732d
Updated,https://github.com/yaya2devops/bachelor-guide/commit/6c3eddeb24f1fa99026f51c6e44aa883e313619a
Updated.,https://github.com/yaya2devops/bachelor-guide/commit/7811943119630f76ac3c91a21921d6e43f0b9fb4
DriveAdded,https://github.com/yaya2devops/bachelor-guide/commit/dbe83c576e4de920196ee4ad76acaf014cf8a238
SidebarUp,https://github.com/yaya2devops/bachelor-guide/commit/c6053bf37dcc3ce75d3c0826315f5ffaa0efc6ce
NavBar up,https://github.com/yaya2devops/bachelor-guide/commit/e119900eef9ee561d2e734b4f884a3fadffbc576
Adjust googledrive,https://github.com/yaya2devops/bachelor-guide/commit/0f08aaae03ad43d76a1f52a0fc94479f68530596
adjust,https://github.com/yaya2devops/bachelor-guide/commit/4f74aa01f36890006d383ea3a6d253a5a6178b22
UP,https://github.com/yaya2devops/bachelor-guide/commit/88cb3090dc69b584d029f1c2f6087afb576d2007
Init Drive,https://github.com/yaya2devops/bachelor-guide/commit/4246612816ee3183209a9acee71165ea25a0636d
desined,https://github.com/yaya2devops/bachelor-guide/commit/853c8f0c4378d4eb178051254905f7300cbe8ec4
Google drive!,https://github.com/yaya2devops/bachelor-guide/commit/60a8c7077dae23873501817f66c3ae52ebb384ef
google drive,https://github.com/yaya2devops/bachelor-guide/commit/4f29d9d10a15fd29a071b20e7bdfb3895f1b09c1
up,https://github.com/yaya2devops/bachelor-guide/commit/150bbf3e7d351881ef31572290196ae25c6b1652
Updated for better mobiles experience,https://github.com/yaya2devops/bachelor-guide/commit/ddc74bac09888d2ddb934278e6f5a32a151673f9
navbarUPDATED,https://github.com/yaya2devops/bachelor-guide/commit/5d8fbb29552613cd3e9dc051f920c65b91feadfc
THE NAVBAR!,https://github.com/yaya2devops/bachelor-guide/commit/2cc241832907a444e43198a99bc4a023d73df1d6
Updated.,https://github.com/yaya2devops/bachelor-guide/commit/22d4e9d96756cfb43b328dd52e67d80b3a78a6d4
QR-updated,https://github.com/yaya2devops/bachelor-guide/commit/aa9f9830f2f6fcc5cbfc8697d19eeae888eff248
Styled!,https://github.com/yaya2devops/bachelor-guide/commit/d58034d28d01398a350fe4ba82e8ff3a6251675f
QR-STYLED!,https://github.com/yaya2devops/bachelor-guide/commit/72d359cfe37f6d340e0340d5df575f249d795641
STYLED QR,https://github.com/yaya2devops/bachelor-guide/commit/7c562b1101b45bcf13349d8a337ab1e95ecc0b07
Style QR,https://github.com/yaya2devops/bachelor-guide/commit/4f8cc488d32152a0e36b5f8769514234a520b2d4
Update GitHub welcome,https://github.com/yaya2devops/bachelor-guide/commit/c1eb4f29d097052af5b7e388406d2bbc0976f345
Update QR,https://github.com/yaya2devops/bachelor-guide/commit/1497d93466caef75e21da3b34cf217f1048ed864
QR-code,https://github.com/yaya2devops/bachelor-guide/commit/4bbe4c0a7c9f76c9aeee7d26c1c4fdcc721269f6
Update,https://github.com/yaya2devops/bachelor-guide/commit/7490dbd1ab49c8ab065d0c187e4aed9597749699
Update,https://github.com/yaya2devops/bachelor-guide/commit/77bc6232f7e18670f8630908216f70d7df9ed797
Update URL,https://github.com/yaya2devops/bachelor-guide/commit/6e378e77944f522b57c9f38075d1151f41a20ebd
Up,https://github.com/yaya2devops/bachelor-guide/commit/5c5257ab74badbbf054bfa2a935adc0bb703d6ab
Standalone is good now,https://github.com/yaya2devops/bachelor-guide/commit/0b17d7717412f6b2ffbc1662c81ff0a030fa6628
Contribute,https://github.com/yaya2devops/bachelor-guide/commit/94bad10b7f75fc1b13ce014e31bdd97fb870e9cf
Contribute,https://github.com/yaya2devops/bachelor-guide/commit/b551d35a57f15ab56ee9e7487d41af1e153acb2c
Update The URL,https://github.com/yaya2devops/bachelor-guide/commit/a2c0fad6e7cc883fa7848bc5570064db1b33a201
Init home page for github,https://github.com/yaya2devops/bachelor-guide/commit/62f4e234dccd5f8231ed050bb7b9c6af4c5fa0e9
Great!,https://github.com/yaya2devops/bachelor-guide/commit/1db2cda4cb11b6a92839a37bfa7dd07290df00ae
Update NavBar,https://github.com/yaya2devops/bachelor-guide/commit/28d9f551f5d5ca0ec646d5a1a93711f22ca7c8fc
Update Details and contributions,https://github.com/yaya2devops/bachelor-guide/commit/49a6e89ea59af8f2eb0a23e3d3c0579df50d3faa
Update Details and contributions,https://github.com/yaya2devops/bachelor-guide/commit/1ae274790fadbf8bf79ddad581f156e45420594b
Updated About,https://github.com/yaya2devops/bachelor-guide/commit/8985b2069d41b2a261a4fba07e0806f33c193a50
Update the About Page,https://github.com/yaya2devops/bachelor-guide/commit/ee881257e4dabb138bb9c54f98d27ef83006c59d
adjust,https://github.com/yaya2devops/bachelor-guide/commit/175587c4d10f7d507f49aeac90c2ff8103199b40
Rocket,https://github.com/yaya2devops/bachelor-guide/commit/1e2eb0f78498d944916046e1f8ed0b4c89b07a1b
Update Banner,https://github.com/yaya2devops/bachelor-guide/commit/93c578d0dc0762a28ea9e4c1697ac65b17aed1f5
Banner,https://github.com/yaya2devops/bachelor-guide/commit/64d3740690263cfc7ced6c8eef4b1cc03bdfedd0
ui,https://github.com/yaya2devops/bachelor-guide/commit/d155cb0455cc21e5e26d3746d087f44b8054e703
Update,https://github.com/yaya2devops/bachelor-guide/commit/c8a16f5f7c677e760622f25a2a8ecf54c2b23218
up,https://github.com/yaya2devops/bachelor-guide/commit/46bb9cb9aca2875f3b4d523d77ddcd61432f8c5d
"QR-Code Required paid version, asset excluded.",https://github.com/yaya2devops/bachelor-guide/commit/1b41b7ffeb91bf6bc1737bfa10ca5afc499af630
NEAAAAT MY FRIEND,https://github.com/yaya2devops/bachelor-guide/commit/aed5e8983dffa5f38486a2be80f9e166fd8a2045
"overview to sem1, rest to comegit add .git add .",https://github.com/yaya2devops/bachelor-guide/commit/0161d38127ce76821f69e4d2dd09ecb53b5c8e2d
Homeee,https://github.com/yaya2devops/bachelor-guide/commit/b56c5a608f2b74dd1be87d6a506439180b90342e
up,https://github.com/yaya2devops/bachelor-guide/commit/97cf6fa7f392e977c8bd1963e216435c0fb4f0ea
Homeeee!,https://github.com/yaya2devops/bachelor-guide/commit/3dc72d22cd0927cdb35721412df60343c7f739f0
Up,https://github.com/yaya2devops/bachelor-guide/commit/079186a0289285ff48ea5fad5b0ecb7839d8b8fc
Semester,https://github.com/yaya2devops/bachelor-guide/commit/ba64ce9856f48a6a3fcb9e09d2a372a18d4e8d8f
up,https://github.com/yaya2devops/bachelor-guide/commit/0963e602ea779dd25aa3b89c4f8165fe3acf5f54
Merge pull request #14 from BytM3/main,https://github.com/yaya2devops/bachelor-guide/commit/c2fb2634aba12849df82dd894cd82ca7bfe26b00
fix,https://github.com/yaya2devops/bachelor-guide/commit/d630f14c102c770b94226cf30ccf38537d4a2a25
 SEMESTER2--datav1,https://github.com/yaya2devops/bachelor-guide/commit/acd562c8801570f599b214963c889e67054ea5bb
SEMESTER2--datav1,https://github.com/yaya2devops/bachelor-guide/commit/285bc960348954037c922f82b0167318e3607235
Create CNAME,https://github.com/yaya2devops/bachelor-guide/commit/c598f5fd1eab73a67d45bf56ec037b85f362b64c
up,https://github.com/yaya2devops/bachelor-guide/commit/24a499dc5bfcb00d3100a0dc8af73fac39f27ee1
Merge pull request #filling from BytM3/main,https://github.com/yaya2devops/bachelor-guide/commit/b7428c0cfef782bb985a17485e34d6515cfb5524
changes,https://github.com/yaya2devops/bachelor-guide/commit/89680ab5c2cf5de3ac0e74717ff980c6b89ab462
english,https://github.com/yaya2devops/bachelor-guide/commit/d6545084dd29033d1a6af2888a1eeffab477d1fd
homeup,https://github.com/yaya2devops/bachelor-guide/commit/b24130f73dec8cd501c9fd8a1fdf1785e120e789
Merge branch 'main' of https://github.com/Y4HYA4/TheRealBachelorsDocs,https://github.com/yaya2devops/bachelor-guide/commit/32c999843405b8fc859fb1c99ffeac8d0022acfa
Sem1,https://github.com/yaya2devops/bachelor-guide/commit/6b4616011ce6aa53c2f712de822804bf5a4a6e71
Feature Canceled,https://github.com/yaya2devops/bachelor-guide/commit/87cad4a93c88d424da6c9a425795f97188b1062f
commented the style sheet1,https://github.com/yaya2devops/bachelor-guide/commit/3cd4571f39032740e56b5b78653adfb1559d0631
up,https://github.com/yaya2devops/bachelor-guide/commit/fcd9b5c8d799038b6ee5bef7f95f95c212da543f
HOME,https://github.com/yaya2devops/bachelor-guide/commit/525743a5eff112ee15fb031c04934b4aca8bd4e5
"Content web=""center""",https://github.com/yaya2devops/bachelor-guide/commit/f9cf77890324e8e60b9bed81a1a1a3c9c596746f
change content position,https://github.com/yaya2devops/bachelor-guide/commit/8770eca83e816ced941f722b99e55f558c6db0dc
Merge pull request #10 from BytM3/main,https://github.com/yaya2devops/bachelor-guide/commit/0afdb629fc0011dc6dcbd09b595e64a8855bc9de
Merge branch 'main' of github.com:BytM3/TheRealBachelorsDocs,https://github.com/yaya2devops/bachelor-guide/commit/58b49d64d3476064ee473562aa13588f2500123f
Merge remote-tracking branch 'upstream/main',https://github.com/yaya2devops/bachelor-guide/commit/d494bde10bc50c671315937c2473c2b1e909d7ab
changes,https://github.com/yaya2devops/bachelor-guide/commit/d103b0a2bfadf13eacd041640a84ed1e554ce8b0
home added,https://github.com/yaya2devops/bachelor-guide/commit/1120a6314b21915981b88074066501c411d0c30c
style-search,https://github.com/yaya2devops/bachelor-guide/commit/e7e59c4409b3dc1d559f0fb905d2a6961eaf8843
Merge good,https://github.com/yaya2devops/bachelor-guide/commit/da71dd0db27861d8b6d9f2308c50a672a157801f
Merge remote-tracking branch 'upstream/main',https://github.com/yaya2devops/bachelor-guide/commit/5a02c6829754b95b68b5d5820c45507149e92843
changes,https://github.com/yaya2devops/bachelor-guide/commit/89a4f1dce59ccbabbd492ed7c2b458112adae73b
branch adjus,https://github.com/yaya2devops/bachelor-guide/commit/8bceac2c331326b490b5849a03739532bea3389c
branching semesters,https://github.com/yaya2devops/bachelor-guide/commit/fc7afe68b5e92fdab3e7b0b93e389c4f25f6f51a
QR CODE,https://github.com/yaya2devops/bachelor-guide/commit/31070e81e659c651dc76516e07b8c23803871edd
Merge fixes,https://github.com/yaya2devops/bachelor-guide/commit/fb4e9ecb64fc0bf5477357131fbf0ea995ac716a
somthng,https://github.com/yaya2devops/bachelor-guide/commit/0b95a641008cefcd7ac706feefb13424b4149478
merge,https://github.com/yaya2devops/bachelor-guide/commit/325b7fe08beb5be1440fe251604ad7463f9f168b
changes,https://github.com/yaya2devops/bachelor-guide/commit/7f551e2cb245a9343300dd900ba55c8868d9ee29
Merge pull request #6 from BytM3/main,https://github.com/yaya2devops/bachelor-guide/commit/73dd2ec96ad0140e48f0e52b38412ab1d37a49b5
scroll,https://github.com/yaya2devops/bachelor-guide/commit/0250d91cccee95938191fb74c3faff749ea3fdc7
scroll,https://github.com/yaya2devops/bachelor-guide/commit/01bc67a7649197abf93775be8c843620bec81e3a
moved,https://github.com/yaya2devops/bachelor-guide/commit/9d9d3be2fca350309b88fababf2bf5f512927920
changes,https://github.com/yaya2devops/bachelor-guide/commit/e87db64bc4757205cca986cb21481558e93ffb58
tried,https://github.com/yaya2devops/bachelor-guide/commit/deee22553e46b72869fb91dad3f2a5817b6590eb
some cleaning,https://github.com/yaya2devops/bachelor-guide/commit/83800b4f51ff7cc05c076d0f208d3d14acc81f1d
Merged BRO pull request #5 from BytM3/main,https://github.com/yaya2devops/bachelor-guide/commit/7c4e74c96ed71bd66f4e15f7fdd5fc3b8ca2d9da
fix,https://github.com/yaya2devops/bachelor-guide/commit/1dfaaa809d1a10513b792343a58aeea96a6ad60e
changes,https://github.com/yaya2devops/bachelor-guide/commit/ec4ad7fe53aafcae63b8979a2af564ad4fb01d9f
materials,https://github.com/yaya2devops/bachelor-guide/commit/2190e3d1e99e75eb9ab0c9853490a661480a9ca1
Merge branch 'main' of https://github.com/Y4HYA4/TheRealBachelorsDocs,https://github.com/yaya2devops/bachelor-guide/commit/4c82d9d679e9c8c75b954faf505fb46a4049a5e5
SEARCH BAR?,https://github.com/yaya2devops/bachelor-guide/commit/348241a8b4a09b2c52138f85b16390b773c7f154
COMMON,https://github.com/yaya2devops/bachelor-guide/commit/66d4097f04af434328937b06d8c098b479a432f5
Theme-check,https://github.com/yaya2devops/bachelor-guide/commit/2fc9ebd37d8833447810fee0d3063a07a58919e9
Merge pull request #2 from BytM3/main,https://github.com/yaya2devops/bachelor-guide/commit/51721a2a29a530f6897d98ba6fe40d8dc11c4d37
changes,https://github.com/yaya2devops/bachelor-guide/commit/7f91d54bdf86ba8099e3badca96907e0ad3e10b6
Theme stuff,https://github.com/yaya2devops/bachelor-guide/commit/10a6722ac3b9c8aa94034f9d62b8e5754985503d
Update Cover,https://github.com/yaya2devops/bachelor-guide/commit/0fb22d4530f6b27181ac9ef4f3678788c687e3c9
NEW THEME,https://github.com/yaya2devops/bachelor-guide/commit/973aba6fbb12581dcff51a8583d9016cdf7ac875
Linked,https://github.com/yaya2devops/bachelor-guide/commit/02aca235f3e8866734d077b2b225db2f61cbf458
changes maybe,https://github.com/yaya2devops/bachelor-guide/commit/92817142dd3b7f14c5b5572973bba995e02d0d86
Yeah BOI,https://github.com/yaya2devops/bachelor-guide/commit/5a1459ed55f84c72a2e333d073b167ce43cd99d7
new,https://github.com/yaya2devops/bachelor-guide/commit/7ab914126d9037560e935e851752295937b3f2ac
